<?xml version="1.0" encoding="UTF-8"?>
<project-private xmlns="http://www.netbeans.org/ns/project-private/1">
    <editor-bookmarks xmlns="http://www.netbeans.org/ns/editor-bookmarks/2" lastBookmarkId="0"/>
    <open-files xmlns="http://www.netbeans.org/ns/projectui-open-files/2">
        <group>
            <file>file:/C:/Users/Propietario/Documents/NetBeansProjects/Bike_life/src/Vista/vistaUsuariosAdmin.java</file>
            <file>file:/C:/Users/Propietario/Documents/NetBeansProjects/Bike_life/src/Vista/vistaAgregarUsuariosAdmin.java</file>
            <file>file:/C:/Users/Propietario/Documents/NetBeansProjects/Bike_life/src/Vista/vistaClientesAdmin.java</file>
            <file>file:/C:/Users/Propietario/Documents/NetBeansProjects/Bike_life/src/Metodo/metodosUsuarios.java</file>
            <file>file:/C:/Users/Propietario/Documents/NetBeansProjects/Bike_life/src/Controlador/ctrlUsuario.java</file>
        </group>
    </open-files>
</project-private>
